{"duration": 0.015193700790405273, "input_args": {"path": "'../data/track/jwmtj61_00_12t6wktp.wav'"}, "time": 1731257481.3291001}