{"duration": 2.006478786468506, "input_args": {"path": "'../data/track/jwmtj61_00_12t6wktp.wav'"}, "time": 1731257895.8879502}