{"duration": 0.39930224418640137, "input_args": {"path": "'../data/track/jwmtj61_00_12t6wktp.wav'"}, "time": 1731257892.532337}