{"duration": 29.176250219345093, "input_args": {"path": "'../data/track/jwmtj61_00_12t6wktp.wav'"}, "time": 1731187020.837697}