{"duration": 0.012273788452148438, "input_args": {"path": "'../data/track/jwmtj61_00_12t6wktp.wav'"}, "time": 1731257985.462249}